{
  "velocity": -49.356792185602025,
  "altitude": -31568.530476397227,
  "temperature": 0.8243687849321146,
  "statusMessage": "Key mission milestones achieved.",
  "isAscending": false,
  "isActionRequired": false
}
